Type,Filter,TRUTH.TOTAL,TRUTH.TP,TRUTH.FN,QUERY.TOTAL,QUERY.FP,QUERY.UNK,FP.gt,FP.al,METRIC.Recall,METRIC.Precision,METRIC.Frac_NA,METRIC.F1_Score,TRUTH.TOTAL.TiTv_ratio,QUERY.TOTAL.TiTv_ratio,TRUTH.TOTAL.het_hom_ratio,QUERY.TOTAL.het_hom_ratio
INDEL,ALL,5463,5013,450,8824,778,2933,129,356,0.9176280000000001,0.867934,0.332389,0.8920889999999999,,,1.4034687357371063,2.010737790093523
INDEL,PASS,5463,3965,1498,5332,93,1245,26,55,0.725792,0.977245,0.233496,0.8329549999999999,,,1.4034687357371063,1.3404161133244799
SNP,ALL,50947,17,50930,0,0,0,0,0,0.000334,0.0,0.0,0.0,2.489795918367347,,1.5875628715134888,
SNP,PASS,50947,0,50947,0,0,0,0,0,0.0,0.0,0.0,,2.489795918367347,,1.5875628715134888,
