Type,Filter,TRUTH.TOTAL,TRUTH.TP,TRUTH.FN,QUERY.TOTAL,QUERY.FP,QUERY.UNK,FP.gt,FP.al,METRIC.Recall,METRIC.Precision,METRIC.Frac_NA,METRIC.F1_Score,TRUTH.TOTAL.TiTv_ratio,QUERY.TOTAL.TiTv_ratio,TRUTH.TOTAL.het_hom_ratio,QUERY.TOTAL.het_hom_ratio
INDEL,ALL,5463,5034,429,7595,201,2289,74,74,0.921472,0.962118,0.30138200000000004,0.941356,,,1.4034687357371063,1.4359805510534847
INDEL,PASS,5463,5034,429,7595,201,2289,74,74,0.921472,0.962118,0.30138200000000004,0.941356,,,1.4034687357371063,1.4359805510534847
SNP,ALL,50947,50823,124,62095,66,11192,34,10,0.997566,0.9987030000000001,0.18024,0.998134,2.489795918367347,2.4337202874516306,1.5875628715134888,1.5509021413012207
SNP,PASS,50947,50823,124,62095,66,11192,34,10,0.997566,0.9987030000000001,0.18024,0.998134,2.489795918367347,2.4337202874516306,1.5875628715134888,1.5509021413012207
