Type,Filter,TRUTH.TOTAL,TRUTH.TP,TRUTH.FN,QUERY.TOTAL,QUERY.FP,QUERY.UNK,FP.gt,FP.al,METRIC.Recall,METRIC.Precision,METRIC.Frac_NA,METRIC.F1_Score,TRUTH.TOTAL.TiTv_ratio,QUERY.TOTAL.TiTv_ratio,TRUTH.TOTAL.het_hom_ratio,QUERY.TOTAL.het_hom_ratio
INDEL,ALL,5463,3878,1585,6270,745,1647,579,134,0.709866,0.838849,0.262679,0.768987,,,1.4034687357371063,2.7702946482260975
INDEL,PASS,5463,3878,1585,6270,745,1647,579,134,0.709866,0.838849,0.262679,0.768987,,,1.4034687357371063,2.7702946482260975
SNP,ALL,50947,0,50947,0,0,0,0,0,0.0,0.0,0.0,,2.489795918367347,,1.5875628715134888,
SNP,PASS,50947,0,50947,0,0,0,0,0,0.0,0.0,0.0,,2.489795918367347,,1.5875628715134888,
